phase,components,description,sources
Al2O3 (alumina),Al2O3:1,Al2O3 (corundum),
MgO (periclase),MgO:1,MgO,
CaO (lime),CaO:1,CaO,
SiO2 (silica),SiO2:1,SiO2,
MnO (manganosite),MnO:1,MnO,mno_al2o3_sio2
TiN,TiN:1,TiN,thermo_an0197
AlN,AlN:1,AlN,
MnS,MnS:1,MnS,
CaS,CaS:1,CaS,
C3A,CaO:3;Al2O3:1,3CaO.Al2O3,cao_al2o3_phases
C12A7,CaO:12;Al2O3:7,"12CaO.7Al2O3, the usual target of Ca treatment. Recent thermodynamic assessments treat it as stabilised by moisture rather than a stable anhydrous compound.",cao_al2o3_phases;cao_al2o3_fe2o3
CA,CaO:1;Al2O3:1,CaO.Al2O3,cao_al2o3_phases
CA2,CaO:1;Al2O3:2,CaO.2Al2O3,cao_al2o3_phases
CA6,CaO:1;Al2O3:6,CaO.6Al2O3,cao_al2o3_phases
Spinel,MgO:1;Al2O3:1,MgAl2O4,pistorius_spinel;mgo_al2o3_sio2
Galaxite,MnO:1;Al2O3:1,MnAl2O4,mno_al2o3_sio2
Spessartine,MnO:3;Al2O3:1;SiO2:3,3MnO.Al2O3.3SiO2 (Mn3Al2Si3O12),mno_al2o3_sio2
Rhodonite,MnO:1;SiO2:1,MnSiO3,mno_al2o3_sio2
Tephroite,MnO:2;SiO2:1,Mn2SiO4,mno_al2o3_sio2
Mn-anorthite,MnO:1;Al2O3:1;SiO2:2,MnO.Al2O3.2SiO2,mno_al2o3_sio2
Mullite,Al2O3:3;SiO2:2,3Al2O3.2SiO2,cao_al2o3_sio2;mgo_al2o3_sio2
Anorthite,CaO:1;Al2O3:1;SiO2:2,CaO.Al2O3.2SiO2,cao_al2o3_sio2
Gehlenite,CaO:2;Al2O3:1;SiO2:1,2CaO.Al2O3.SiO2,cao_al2o3_sio2
Wollastonite,CaO:1;SiO2:1,CaSiO3,cao_al2o3_sio2
Rankinite,CaO:3;SiO2:2,3CaO.2SiO2,cao_al2o3_sio2
C2S,CaO:2;SiO2:1,2CaO.SiO2,cao_al2o3_sio2
Forsterite,MgO:2;SiO2:1,Mg2SiO4,mgo_al2o3_sio2
Enstatite,MgO:1;SiO2:1,MgSiO3,mgo_al2o3_sio2
Cordierite,MgO:2;Al2O3:2;SiO2:5,Mg2Al4Si5O18,mgo_al2o3_sio2
