id,citation,url
ciaaw,"CIAAW. Standard atomic weights (2024 table).",https://www.ciaaw.org/atomic-weights.htm
thermo_an0197,"Thermo Fisher Scientific. Inclusion analysis of aluminum-killed and calcium-treated steels. Application note AN0197 (2022).",https://documents.thermofisher.com/TFS-Assets/MSD/Application-Notes/inclusion-analysis-aluminum-killed-calcium-treated-steels-en-an0197.pdf
nanoscience_astm,"nanoScience Instruments. Automated SEM/EDS monitoring of steel inclusions for compliance with ASTM standards. Tech note 24-SEM-03.",https://www.nanoscience.com/wp-content/uploads/2024/07/24-SEM-03-ASTM.pdf
pistorius_spinel,"Calcium modification of spinel inclusions in aluminum-killed steel: reaction steps. Metall. Mater. Trans. B.",https://www.researchgate.net/publication/257708937_Calcium_Modification_of_Spinel_Inclusions_in_Aluminum-Killed_Steel_Reaction_Steps
cao_al2o3_phases,"Phase diagram of the CaO-Al2O3 system with the phases C3A, C12A7, CA, CA2 and CA6.",https://www.researchgate.net/figure/Phase-diagram-of-CaO-Al2O3-system-with-the-phases-C3A-3CaOAl2O3-Ca3Al2O6-C12A7_fig1_352105847
cao_al2o3_fe2o3,"Thermodynamic assessment of the CaO-Al2O3-Fe2O3 system (status of C12A7). PMC.",https://pmc.ncbi.nlm.nih.gov/articles/PMC13413891/
mno_al2o3_sio2,"Phase equilibrium studies in the MnO-Al2O3-SiO2 system. Metall. Mater. Trans. B.",https://link.springer.com/article/10.1007/s11663-002-0066-6
snow1943,"Snow R.B. (1943). Equilibrium relationships on the liquidus surface in part of the MnO-Al2O3-SiO2 system. J. Am. Ceram. Soc.",https://ceramics.onlinelibrary.wiley.com/doi/10.1111/j.1151-2916.1943.tb15177.x
cao_al2o3_sio2,"Selected phase equilibria studies in the Al2O3-CaO-SiO2 system. ResearchGate.",https://www.researchgate.net/publication/283645784_Selected_phase_equilibria_studies_in_the_Al2O3-CaO-SiO2_system
mgo_al2o3_sio2,"Thermodynamic assessment of the MgO-Al2O3-SiO2 system. ResearchGate.",https://www.researchgate.net/publication/231855183_Thermodynamic_assessment_of_the_MgO-AL2O3-SiO2_system
matrix_metals2020,"Study on the possible error due to matrix interaction in automated SEM/EDS analysis of nonmetallic inclusions in steel. Metals 10(7), 860 (2020).",https://www.mdpi.com/2075-4701/10/7/860
